airline,origin,destination,price,duration,stops,departure_delay,arrival_delay,delay_probability,airline_quality_score
G4,MSP,SRQ,211.04,204.0,0,-5,-14.0,0.0714,0.0
G4,IAD,SRQ,151.88,152.0,0,247,232.0,0.2766,0.0
G4,BOS,SRQ,196.4,204.0,0,-13,-12.0,0.1765,0.0
G4,MSP,SRQ,211.04,204.0,0,-24,-32.0,0.0714,0.0
G4,BOS,SRQ,196.4,219.0,0,-2,-16.0,0.1765,0.0
G4,IND,SRQ,155.12,146.0,0,-11,-20.0,0.1786,0.0
G4,MSP,SRQ,211.04,204.0,0,-9,-3.0,0.0714,0.0
G4,BOS,SRQ,196.4,219.0,0,-4,-10.0,0.1765,0.0
G4,IND,SRQ,155.12,146.0,0,-7,0.0,0.1786,0.0
G4,BOS,SRQ,196.4,219.0,0,-18,-10.0,0.1765,0.0
G4,IND,SRQ,155.12,146.0,0,-6,-16.0,0.1786,0.0
G4,MSP,SRQ,211.04,204.0,0,-10,-25.0,0.0714,0.0
G4,BOS,SRQ,196.4,219.0,0,-19,-5.0,0.1765,0.0
G4,IND,SRQ,155.12,146.0,0,-17,-28.0,0.1786,0.0
G4,BOS,SRQ,196.4,219.0,0,-10,-26.0,0.1765,0.0
G4,IND,SRQ,155.12,146.0,0,-8,-26.0,0.1786,0.0
G4,BOS,SRQ,196.4,223.0,0,-8,-8.0,0.1765,0.0
G4,IND,SRQ,155.12,148.0,0,-6,-30.0,0.1786,0.0
G4,BOS,SRQ,196.4,223.0,0,42,35.0,0.1765,0.0
G4,IND,SRQ,155.12,148.0,0,4,-5.0,0.1786,0.0
G4,BNA,SRQ,127.76,110.0,0,-9,-23.0,0.2357,0.0
G4,AUS,SRQ,162.32,143.0,0,-3,-24.0,0.125,0.0
G4,BNA,SRQ,127.76,110.0,0,1,1.0,0.2357,0.0
G4,BOS,SRQ,196.4,219.0,0,-7,-37.0,0.1765,0.0
G4,IAD,SRQ,151.88,147.0,0,0,-4.0,0.2766,0.0
G4,BNA,SRQ,127.76,110.0,0,-12,-27.0,0.2357,0.0
G4,BOS,SRQ,196.4,219.0,0,-11,-31.0,0.1765,0.0
G4,AUS,SRQ,162.32,143.0,0,-10,-27.0,0.125,0.0
G4,BOS,SRQ,196.4,219.0,0,-6,-17.0,0.1765,0.0
G4,AUS,SRQ,162.32,143.0,0,-5,-14.0,0.125,0.0
G4,BOS,SRQ,196.4,219.0,0,5,-18.0,0.1765,0.0
G4,MSP,SRQ,211.04,218.0,0,-12,-46.0,0.0714,0.0
G4,BOS,SRQ,196.4,212.0,0,-18,-23.0,0.1765,0.0
G4,BWI,SRQ,155.6,151.0,0,2,9.0,0.1154,0.0
G4,AUS,SRQ,162.32,143.0,0,6,70.0,0.125,0.0
G4,BOS,SRQ,196.4,212.0,0,-8,-19.0,0.1765,0.0
G4,BWI,SRQ,155.6,151.0,0,116,110.0,0.1154,0.0
G4,MSP,SRQ,211.04,218.0,0,-11,-30.0,0.0714,0.0
G4,BOS,SRQ,196.4,212.0,0,-6,48.0,0.1765,0.0
G4,BWI,SRQ,155.6,151.0,0,68,66.0,0.1154,0.0
G4,MSP,SRQ,211.04,218.0,0,1,-14.0,0.0714,0.0
G4,BOS,SRQ,196.4,212.0,0,-4,36.0,0.1765,0.0
G4,BWI,SRQ,155.6,151.0,0,-2,-3.0,0.1154,0.0
G4,MSP,SRQ,211.04,218.0,0,-8,-41.0,0.0714,0.0
G4,BOS,SRQ,196.4,212.0,0,-10,-3.0,0.1765,0.0
G4,BWI,SRQ,155.6,151.0,0,8,4.0,0.1154,0.0
G4,MSP,SRQ,211.04,218.0,0,-5,-32.0,0.0714,0.0
G4,MSP,SRQ,211.04,218.0,0,-9,-40.0,0.0714,0.0
G4,BOS,SRQ,196.4,212.0,0,-11,-3.0,0.1765,0.0
G4,BWI,SRQ,155.6,151.0,0,-9,-16.0,0.1154,0.0
G4,MSP,SRQ,211.04,218.0,0,123,111.0,0.0714,0.0
G4,BOS,SRQ,196.4,212.0,0,-12,-8.0,0.1765,0.0
G4,BWI,SRQ,155.6,151.0,0,-13,4.0,0.1154,0.0
G4,AUS,SRQ,162.32,142.0,0,-10,-13.0,0.125,0.0
G4,BOS,SRQ,196.4,212.0,0,-5,-18.0,0.1765,0.0
G4,BWI,SRQ,155.6,151.0,0,50,42.0,0.1154,0.0
G4,AUS,SRQ,162.32,142.0,0,1,2.0,0.125,0.0
G4,BOS,SRQ,196.4,212.0,0,30,20.0,0.1765,0.0
G4,BWI,SRQ,155.6,151.0,0,-5,8.0,0.1154,0.0
G4,AUS,SRQ,162.32,142.0,0,92,116.0,0.125,0.0
G4,BOS,SRQ,196.4,204.0,0,0,0.0,0.1765,0.0
G4,BWI,SRQ,155.6,151.0,0,0,0.0,0.1154,0.0
G4,AUS,SRQ,162.32,142.0,0,2,-12.0,0.125,0.0
G4,BOS,SRQ,196.4,204.0,0,-5,-7.0,0.1765,0.0
G4,BWI,SRQ,155.6,151.0,0,-5,-11.0,0.1154,0.0
G4,BNA,SRQ,127.76,110.0,0,-13,-7.0,0.2357,0.0
G4,MSP,SRQ,211.04,218.0,0,-27,-8.0,0.0714,0.0
G4,BOS,SRQ,196.4,219.0,0,-12,-22.0,0.1765,0.0
G4,BWI,SRQ,155.6,152.0,0,-9,-12.0,0.1154,0.0
G4,BOS,SRQ,196.4,219.0,0,-14,-39.0,0.1765,0.0
G4,MSP,SRQ,211.04,218.0,0,-13,-37.0,0.0714,0.0
G4,BOS,SRQ,196.4,219.0,0,-1,-15.0,0.1765,0.0
G4,BWI,SRQ,155.6,152.0,0,-5,-13.0,0.1154,0.0
G4,BNA,SRQ,127.76,110.0,0,-7,-14.0,0.2357,0.0
G4,MSP,SRQ,211.04,218.0,0,13,-24.0,0.0714,0.0
G4,BOS,SRQ,196.4,219.0,0,4,-30.0,0.1765,0.0
G4,BWI,SRQ,155.6,152.0,0,1,-5.0,0.1154,0.0
G4,BOS,SRQ,196.4,219.0,0,37,41.0,0.1765,0.0
G4,MSP,SRQ,211.04,218.0,0,15,-27.0,0.0714,0.0
G4,BOS,SRQ,196.4,219.0,0,-16,-34.0,0.1765,0.0
G4,BWI,SRQ,155.6,152.0,0,-2,-8.0,0.1154,0.0
G4,BOS,SRQ,196.4,219.0,0,-8,-6.0,0.1765,0.0
G4,BWI,SRQ,155.6,152.0,0,-1,5.0,0.1154,0.0
G4,MSP,SRQ,211.04,218.0,0,-11,-49.0,0.0714,0.0
G4,BOS,SRQ,196.4,219.0,0,-17,-41.0,0.1765,0.0
G4,BWI,SRQ,155.6,152.0,0,-6,-19.0,0.1154,0.0
G4,MSP,SRQ,211.04,218.0,0,-16,-61.0,0.0714,0.0
G4,MSP,SRQ,211.04,218.0,0,-10,-39.0,0.0714,0.0
G4,BOS,SRQ,196.4,204.0,0,-10,-34.0,0.1765,0.0
G4,BNA,SRQ,127.76,110.0,0,-12,-11.0,0.2357,0.0
G4,MSP,SRQ,211.04,218.0,0,-18,-58.0,0.0714,0.0
G4,MSP,SRQ,211.04,218.0,0,-8,-39.0,0.0714,0.0
G4,BNA,SRQ,127.76,110.0,0,-12,-9.0,0.2357,0.0
G4,LAS,VPS,253.4,234.0,0,20,3.0,0.3158,0.0
G4,MCI,VPS,141.68,130.0,0,0,4.0,0.2321,0.0
G4,LAS,VPS,253.4,234.0,0,9,-10.0,0.3158,0.0
G4,MSP,VPS,176.96,160.0,0,-21,-30.0,0.0575,0.0
G4,MEM,VPS,94.76,85.0,0,-12,-23.0,0.2,0.0
G4,CVG,VPS,122.0,108.0,0,92,80.0,0.2551,0.0
G4,MDW,VPS,143.84,127.0,0,-16,-19.0,0.2561,0.0
G4,MCI,VPS,141.68,129.0,0,-25,-29.0,0.2321,0.0
G4,BWI,VPS,148.28,140.0,0,-9,22.0,0.4643,0.0
G4,EWR,VPS,168.56,166.0,0,3,12.0,0.1224,0.0
G4,MSP,VPS,176.96,160.0,0,-18,-15.0,0.0575,0.0
G4,MEM,VPS,94.76,84.0,0,4,5.0,0.2,0.0
G4,CVG,VPS,122.0,108.0,0,-8,-5.0,0.2551,0.0
G4,MCI,VPS,141.68,130.0,0,0,-10.0,0.2321,0.0
G4,MCI,VPS,141.68,130.0,0,10,14.0,0.2321,0.0
G4,CVG,PGD,152.0,134.0,0,7,-2.0,0.2716,0.0
G4,PIT,PGD,162.92,144.0,0,21,30.0,0.1538,0.0
G4,MEM,SFB,130.52,115.0,0,92,92.0,0.301,0.0
G4,IND,VPS,126.44,109.0,0,42,39.0,0.1017,0.0
G4,IND,SRQ,155.12,138.0,0,40,28.0,0.1786,0.0
G4,IND,JAX,132.44,117.0,0,-3,-11.0,0.1719,0.0
G4,JAX,ORF,115.04,95.0,0,-6,0.0,0.3333,0.0
G4,JAX,IND,132.44,115.0,0,-6,17.0,0.2812,0.0
G4,IND,SFB,146.84,130.0,0,-2,6.0,0.2021,0.0
G4,IND,FLL,170.6,155.0,0,-7,-12.0,0.3133,0.0
G4,FLL,IND,170.6,164.0,0,6,7.0,0.3467,0.0
G4,IND,SFB,146.84,130.0,0,-8,-18.0,0.2021,0.0
G4,IND,PGD,159.92,145.0,0,12,-3.0,0.1579,0.0
G4,IND,FLL,170.6,155.0,0,-3,57.0,0.3133,0.0
G4,FLL,IND,170.6,162.0,0,65,64.0,0.3467,0.0
G4,IND,FLL,170.6,155.0,0,-6,-16.0,0.3133,0.0
G4,FLL,IND,170.6,164.0,0,-4,-8.0,0.3467,0.0
G4,IND,MYR,119.96,100.0,0,-1,1.0,0.1111,0.0
G4,IND,PGD,159.92,145.0,0,-3,5.0,0.1579,0.0
G4,IND,FLL,170.6,155.0,0,-5,29.0,0.3133,0.0
G4,FLL,IND,170.6,162.0,0,44,48.0,0.3467,0.0
G4,IND,SFB,146.84,130.0,0,-15,-13.0,0.2021,0.0
G4,IND,CHS,120.2,104.0,0,-8,-21.0,0.1429,0.0
G4,CHS,IND,120.2,107.0,0,-8,-12.0,0.0952,0.0
G4,IND,SFB,146.84,130.0,0,-12,51.0,0.2021,0.0
G4,IND,JAX,132.44,116.0,0,-9,-16.0,0.1719,0.0
G4,JAX,ORF,115.04,95.0,0,-10,-12.0,0.3333,0.0
G4,JAX,IND,132.44,116.0,0,-7,-10.0,0.2812,0.0
G4,IND,SFB,146.84,130.0,0,-7,-12.0,0.2021,0.0
G4,IND,FLL,170.6,158.0,0,-7,-9.0,0.3133,0.0
G4,FLL,IND,170.6,161.0,0,2,-10.0,0.3467,0.0
G4,IND,SFB,146.84,130.0,0,-8,26.0,0.2021,0.0
G4,PBI,AVL,124.4,105.0,0,0,7.0,0.4057,0.0
G4,MSP,AVL,153.32,128.0,0,40,45.0,0.5641,0.0
G4,BOS,AVL,143.96,138.0,0,34,42.0,0.1092,0.0
G4,EWR,AVL,119.96,110.0,0,6,6.0,0.0643,0.0
G4,BWI,AVL,99.68,84.0,0,8,6.0,0.2208,0.0
G4,MDW,AVL,112.52,93.0,0,-8,-4.0,0.2911,0.0
G4,PHX,AVL,251.96,227.0,0,141,167.0,0.2778,0.0
G4,EWR,AVL,119.96,107.0,0,-7,12.0,0.0643,0.0
G4,FLL,AVL,129.32,116.0,0,47,92.0,0.3754,0.0
G4,AUS,AVL,164.0,147.0,0,140,142.0,0.3158,0.0
G4,BOS,AVL,143.96,138.0,0,-9,-5.0,0.1092,0.0
G4,EWR,AVL,119.96,107.0,0,-9,-7.0,0.0643,0.0
G4,FLL,AVL,129.32,116.0,0,70,132.0,0.3754,0.0
G4,BOS,AVL,143.96,138.0,0,-19,-10.0,0.1092,0.0
G4,BWI,AVL,99.68,84.0,0,-8,-18.0,0.2208,0.0
G4,MDW,AVL,112.52,93.0,0,22,32.0,0.2911,0.0
G4,PHX,AVL,251.96,227.0,0,26,91.0,0.2778,0.0
G4,BOS,AVL,143.96,138.0,0,-8,-11.0,0.1092,0.0
G4,EWR,AVL,119.96,107.0,0,-8,-12.0,0.0643,0.0
G4,FLL,AVL,129.32,116.0,0,21,23.0,0.3754,0.0
G4,MSP,AVL,153.32,128.0,0,26,27.0,0.5641,0.0
G4,MDW,AVL,112.52,93.0,0,-13,-22.0,0.2911,0.0
G4,PHX,AVL,251.96,227.0,0,-7,-18.0,0.2778,0.0
G4,EWR,AVL,119.96,107.0,0,-6,-13.0,0.0643,0.0
G4,FLL,AVL,129.32,115.0,0,1,11.0,0.3754,0.0
G4,BOS,AVL,143.96,134.0,0,-16,-3.0,0.1092,0.0
G4,EWR,AVL,119.96,110.0,0,-10,-24.0,0.0643,0.0
G4,EWR,AVL,119.96,107.0,0,-10,-21.0,0.0643,0.0
G4,FLL,AVL,129.32,115.0,0,66,73.0,0.3754,0.0
G4,BOS,AVL,143.96,134.0,0,2,12.0,0.1092,0.0
G4,PBI,AVL,124.4,105.0,0,17,17.0,0.4057,0.0
G4,MSP,AVL,153.32,128.0,0,35,39.0,0.5641,0.0
G4,BOS,AVL,143.96,134.0,0,-14,3.0,0.1092,0.0
G4,BOS,AVL,143.96,134.0,0,-15,-23.0,0.1092,0.0
G4,EWR,AVL,119.96,107.0,0,-11,-9.0,0.0643,0.0
G4,FLL,AVL,129.32,115.0,0,21,86.0,0.3754,0.0
G4,MDW,AVL,112.52,91.0,0,-5,-5.0,0.2911,0.0
G4,PHX,AVL,251.96,227.0,0,8,-9.0,0.2778,0.0
G4,EWR,AVL,119.96,120.0,0,-5,-8.0,0.0643,0.0
G4,MSP,AVL,153.32,127.0,0,3,-3.0,0.5641,0.0
G4,PHX,AVL,251.96,233.0,0,-10,-11.0,0.2778,0.0
G4,HOU,AVL,151.16,134.0,0,-7,-6.0,0.2468,0.0
G4,DEN,AVL,199.76,179.0,0,-8,-14.0,0.3419,0.0
G4,EWR,AVL,119.96,120.0,0,-6,-19.0,0.0643,0.0
G4,MSP,AVL,153.32,127.0,0,-10,-15.0,0.5641,0.0
G4,PHX,AVL,251.96,233.0,0,-7,-4.0,0.2778,0.0
G4,EWR,AVL,119.96,120.0,0,-2,-14.0,0.0643,0.0
G4,MSP,AVL,153.32,127.0,0,-21,-28.0,0.5641,0.0
G4,PHX,AVL,251.96,233.0,0,-16,-14.0,0.2778,0.0
G4,HOU,AVL,151.16,134.0,0,-1,-13.0,0.2468,0.0
G4,EWR,AVL,119.96,120.0,0,-3,-28.0,0.0643,0.0
G4,EWR,AVL,119.96,120.0,0,-4,-17.0,0.0643,0.0
G4,MSP,AVL,153.32,127.0,0,23,26.0,0.5641,0.0
G4,PHX,AVL,251.96,233.0,0,-28,-53.0,0.2778,0.0
G4,HOU,AVL,151.16,134.0,0,6,7.0,0.2468,0.0
G4,BWI,AVL,99.68,86.0,0,7,-1.0,0.2208,0.0
G4,PBI,AVL,124.4,107.0,0,-1,-2.0,0.4057,0.0
G4,DEN,AVL,199.76,179.0,0,108,120.0,0.3419,0.0
G4,MDW,AVL,112.52,93.0,0,116,120.0,0.2911,0.0
G4,EWR,AVL,119.96,120.0,0,-5,-31.0,0.0643,0.0
G4,FLL,USA,127.16,119.0,0,-7,-10.0,0.2798,0.0
G4,FLL,AVL,129.32,114.0,0,-4,-2.0,0.3754,0.0
G4,MDW,AVL,112.52,95.0,0,-9,45.0,0.2911,0.0
G4,PHX,AVL,251.96,233.0,0,90,66.0,0.2778,0.0
G4,LAS,AVL,268.88,248.0,0,3,3.0,0.2917,0.0
G4,PHX,AVL,251.96,233.0,0,-2,-28.0,0.2778,0.0
G4,DEN,AVL,199.76,177.0,0,-8,-25.0,0.3419,0.0
G4,EWR,AVL,119.96,120.0,0,-14,-7.0,0.0643,0.0
G4,BWI,AVL,99.68,88.0,0,-12,-15.0,0.2208,0.0
G4,MSP,AVL,153.32,132.0,0,27,12.0,0.5641,0.0
G4,EWR,AVL,119.96,120.0,0,4,-1.0,0.0643,0.0
G4,MSP,AVL,153.32,132.0,0,10,5.0,0.5641,0.0
G4,BOS,AVL,143.96,145.0,0,-10,5.0,0.1092,0.0
G4,DEN,AVL,199.76,177.0,0,-11,-23.0,0.3419,0.0
G4,BWI,AVL,99.68,88.0,0,-7,-11.0,0.2208,0.0
G4,MDW,AVL,112.52,95.0,0,-7,-3.0,0.2911,0.0
G4,PHX,AVL,251.96,233.0,0,-1,-22.0,0.2778,0.0
G4,LAS,AVL,268.88,248.0,0,-3,-30.0,0.2917,0.0
G4,MDW,AVL,112.52,95.0,0,-17,-23.0,0.2911,0.0
G4,EWR,AVL,119.96,120.0,0,-4,-11.0,0.0643,0.0
G4,MSP,AVL,153.32,132.0,0,2,-9.0,0.5641,0.0
G4,BOS,AVL,143.96,145.0,0,-7,-18.0,0.1092,0.0
G4,EWR,AVL,119.96,120.0,0,-11,-31.0,0.0643,0.0
G4,EWR,AVL,119.96,120.0,0,-3,-16.0,0.0643,0.0
G4,MSP,AVL,153.32,132.0,0,-4,-2.0,0.5641,0.0
G4,BOS,AVL,143.96,145.0,0,-9,20.0,0.1092,0.0
G4,DEN,AVL,199.76,171.0,0,-5,-11.0,0.3419,0.0
G4,EWR,AVL,119.96,120.0,0,-11,14.0,0.0643,0.0
G4,MSP,AVL,153.32,132.0,0,21,18.0,0.5641,0.0
G4,LAS,AVL,268.88,245.0,0,7,2.0,0.2917,0.0
G4,PBI,AVL,124.4,112.0,0,1,8.0,0.4057,0.0
G4,BWI,AVL,99.68,90.0,0,28,13.0,0.2208,0.0
G4,BOS,AVL,143.96,147.0,0,-15,-15.0,0.1092,0.0
G4,EWR,AVL,119.96,120.0,0,-3,12.0,0.0643,0.0
G4,DEN,AVL,199.76,171.0,0,11,-11.0,0.3419,0.0
G4,EWR,AVL,119.96,120.0,0,-4,-7.0,0.0643,0.0
G4,MSP,AVL,153.32,132.0,0,-6,15.0,0.5641,0.0
G4,MSP,AVL,153.32,132.0,0,-6,-16.0,0.5641,0.0
G4,PBI,AVL,124.4,112.0,0,5,-3.0,0.4057,0.0
G4,HOU,AVL,151.16,128.0,0,-4,-8.0,0.2468,0.0
G4,PHX,AVL,251.96,233.0,0,1,-14.0,0.2778,0.0
G4,PBI,AVL,124.4,112.0,0,-7,-14.0,0.4057,0.0
G4,BWI,AVL,99.68,90.0,0,-3,-10.0,0.2208,0.0
G4,MSP,AVL,153.32,132.0,0,60,65.0,0.5641,0.0
G4,BOS,AVL,143.96,147.0,0,-25,-45.0,0.1092,0.0
G4,PHX,AVL,251.96,233.0,0,9,-25.0,0.2778,0.0
G4,PBI,AVL,124.4,112.0,0,51,47.0,0.4057,0.0
G4,BWI,AVL,99.68,90.0,0,54,44.0,0.2208,0.0
G4,HOU,AVL,151.16,128.0,0,-9,-17.0,0.2468,0.0
G4,PHX,AVL,251.96,233.0,0,21,-21.0,0.2778,0.0
G4,PBI,AVL,124.4,112.0,0,-4,-14.0,0.4057,0.0
G4,BWI,AVL,99.68,90.0,0,-2,7.0,0.2208,0.0
G4,BOS,AVL,143.96,147.0,0,-17,-14.0,0.1092,0.0
G4,PHX,AVL,251.96,233.0,0,27,-8.0,0.2778,0.0
G4,EWR,AVL,119.96,120.0,0,-16,-19.0,0.0643,0.0
G4,BWI,AVL,99.68,92.0,0,0,-15.0,0.2208,0.0
G4,MSP,AVL,153.32,125.0,0,-11,-16.0,0.5641,0.0
G4,EWR,AVL,119.96,119.0,0,-3,-18.0,0.0643,0.0
G4,MSP,AVL,153.32,125.0,0,-6,-9.0,0.5641,0.0
G4,BOS,AVL,143.96,141.0,0,-15,-25.0,0.1092,0.0
G4,HOU,AVL,151.16,130.0,0,0,-5.0,0.2468,0.0
G4,EWR,AVL,119.96,120.0,0,-7,-24.0,0.0643,0.0
G4,EWR,AVL,119.96,119.0,0,-2,-6.0,0.0643,0.0
G4,HOU,AVL,151.16,130.0,0,6,-8.0,0.2468,0.0
G4,DEN,AVL,199.76,161.0,0,-10,-18.0,0.3419,0.0
G4,BWI,AVL,99.68,92.0,0,-9,-18.0,0.2208,0.0
G4,MSP,AVL,153.32,125.0,0,-6,-19.0,0.5641,0.0
G4,FLL,AVL,129.32,117.0,0,-4,-4.0,0.3754,0.0
G4,PBI,AVL,124.4,111.0,0,56,137.0,0.4057,0.0
G4,PHX,AVL,251.96,237.0,0,32,-13.0,0.2778,0.0
G4,DEN,AVL,199.76,167.0,0,-13,-4.0,0.3419,0.0
G4,FLL,AVL,129.32,118.0,0,-10,-15.0,0.3754,0.0
G4,PBI,AVL,124.4,112.0,0,34,23.0,0.4057,0.0
G4,DEN,AVL,199.76,167.0,0,-15,-7.0,0.3419,0.0
G4,PHX,AVL,251.96,237.0,0,18,20.0,0.2778,0.0
G4,FLL,AVL,129.32,118.0,0,-17,-16.0,0.3754,0.0
G4,MDW,AVL,112.52,100.0,0,19,25.0,0.2911,0.0
G4,HOU,AVL,151.16,128.0,0,21,8.0,0.2468,0.0
G4,EWR,AVL,119.96,130.0,0,-4,-9.0,0.0643,0.0
G4,FLL,AVL,129.32,118.0,0,2,-13.0,0.3754,0.0
G4,FLL,AVL,129.32,118.0,0,23,16.0,0.3754,0.0
G4,PBI,AVL,124.4,112.0,0,24,35.0,0.4057,0.0
G4,FLL,AVL,129.32,118.0,0,17,13.0,0.3754,0.0
G4,BNA,PGD,133.04,116.0,0,13,30.0,0.299,0.0
G4,BNA,RIC,113.24,89.0,0,-8,1.0,0.2941,0.0
G4,BNA,GRR,106.4,88.0,0,24,28.0,0.2468,0.0
G4,BNA,PGD,133.04,116.0,0,0,13.0,0.299,0.0
G4,BNA,PGD,133.04,123.0,0,-4,34.0,0.299,0.0
G4,BNA,SFB,121.76,106.0,0,218,223.0,0.3505,0.0
G4,BNA,PGD,133.04,123.0,0,-15,-10.0,0.299,0.0
G4,OMA,PGD,202.28,180.0,0,14,5.0,0.3214,0.0
G4,MDW,PGD,179.12,166.0,0,39,62.0,0.2842,0.0
G4,MSP,PGD,216.32,202.0,0,-10,-15.0,0.3585,0.0
G4,IND,JAX,132.44,136.0,0,74,43.0,0.1719,0.0
G4,JAX,IND,132.44,128.0,0,43,32.0,0.2812,0.0
G4,IND,SFB,146.84,139.0,0,-6,-4.0,0.2021,0.0
G4,IND,FLL,170.6,169.0,0,-7,-21.0,0.3133,0.0
G4,FLL,IND,170.6,168.0,0,-4,-15.0,0.3467,0.0
G4,IND,PGD,159.92,152.0,0,-14,-26.0,0.1579,0.0
G4,IND,JAX,132.44,136.0,0,-2,-6.0,0.1719,0.0
G4,JAX,IND,132.44,128.0,0,-1,0.0,0.2812,0.0
G4,IND,SFB,146.84,139.0,0,-3,17.0,0.2021,0.0
G4,IND,FLL,170.6,169.0,0,13,27.0,0.3133,0.0
G4,FLL,IND,170.6,168.0,0,23,7.0,0.3467,0.0
G4,IND,PGD,159.92,152.0,0,-11,36.0,0.1579,0.0
G4,IND,JAX,132.44,136.0,0,54,26.0,0.1719,0.0
G4,JAX,IND,132.44,128.0,0,26,9.0,0.2812,0.0
G4,IND,SFB,146.84,139.0,0,-7,13.0,0.2021,0.0
G4,IND,FLL,170.6,169.0,0,11,45.0,0.3133,0.0
G4,FLL,IND,170.6,168.0,0,47,28.0,0.3467,0.0
G4,IND,PGD,159.92,152.0,0,-11,-1.0,0.1579,0.0
G4,IND,JAX,132.44,136.0,0,-6,-32.0,0.1719,0.0
G4,JAX,IND,132.44,128.0,0,-10,-10.0,0.2812,0.0
G4,IND,SFB,146.84,139.0,0,-3,-11.0,0.2021,0.0
G4,IND,FLL,170.6,169.0,0,-6,-14.0,0.3133,0.0
G4,FLL,IND,170.6,168.0,0,-9,-2.0,0.3467,0.0
G4,IND,PGD,159.92,152.0,0,-7,21.0,0.1579,0.0
G4,IND,JAX,132.44,136.0,0,14,-16.0,0.1719,0.0
G4,JAX,IND,132.44,128.0,0,-4,-25.0,0.2812,0.0
G4,IND,SFB,146.84,141.0,0,-3,-10.0,0.2021,0.0
G4,IND,FLL,170.6,165.0,0,-2,-11.0,0.3133,0.0
G4,FLL,IND,170.6,167.0,0,-5,0.0,0.3467,0.0
G4,IND,PGD,159.92,154.0,0,-5,-6.0,0.1579,0.0
G4,IND,JAX,132.44,125.0,0,-7,-21.0,0.1719,0.0
G4,JAX,IND,132.44,123.0,0,-24,-23.0,0.2812,0.0
G4,IND,PGD,159.92,152.0,0,-10,-8.0,0.1579,0.0
G4,IND,PIE,150.8,142.0,0,6,-3.0,0.1991,0.0
G4,IND,SFB,146.84,141.0,0,-8,-18.0,0.2021,0.0
G4,IND,FLL,170.6,165.0,0,-4,-5.0,0.3133,0.0
G4,FLL,IND,170.6,167.0,0,11,15.0,0.3467,0.0
G4,IND,PGD,159.92,154.0,0,-8,-12.0,0.1579,0.0
G4,IND,JAX,132.44,125.0,0,-6,-27.0,0.1719,0.0
G4,JAX,IND,132.44,123.0,0,-15,-23.0,0.2812,0.0
G4,IND,SFB,146.84,141.0,0,-8,-12.0,0.2021,0.0
G4,IND,FLL,170.6,165.0,0,-9,-23.0,0.3133,0.0
G4,FLL,IND,170.6,167.0,0,-8,-22.0,0.3467,0.0
G4,IND,PGD,159.92,154.0,0,-3,25.0,0.1579,0.0
G4,IND,JAX,132.44,125.0,0,-10,-10.0,0.1719,0.0
G4,JAX,IND,132.44,123.0,0,-7,-20.0,0.2812,0.0
G4,IND,SFB,146.84,141.0,0,-1,2.0,0.2021,0.0
G4,IND,FLL,170.6,165.0,0,-11,-22.0,0.3133,0.0
G4,FLL,IND,170.6,167.0,0,-8,-8.0,0.3467,0.0
G4,IND,PGD,159.92,154.0,0,-8,-27.0,0.1579,0.0
G4,IND,JAX,132.44,125.0,0,-10,-37.0,0.1719,0.0
G4,JAX,IND,132.44,123.0,0,-16,-11.0,0.2812,0.0
G4,IND,SRQ,155.12,145.0,0,-14,7.0,0.1786,0.0
G4,IND,PBI,166.04,160.0,0,-5,10.0,0.2381,0.0
G4,PBI,IND,166.04,164.0,0,10,14.0,0.381,0.0
G4,IND,PIE,150.8,139.0,0,-2,-9.0,0.1991,0.0
G4,IND,LAS,240.8,259.0,0,-5,-15.0,0.2316,0.0
G4,LAS,IND,240.8,207.0,0,-8,-11.0,0.3053,0.0
G4,IND,SRQ,155.12,145.0,0,-7,-20.0,0.1786,0.0
G4,IND,PIE,150.8,139.0,0,44,40.0,0.1991,0.0
G4,IND,PGD,159.92,153.0,0,29,4.0,0.1579,0.0
G4,IND,PBI,166.04,160.0,0,-8,-28.0,0.2381,0.0
G4,PBI,IND,166.04,164.0,0,-9,-17.0,0.381,0.0
G4,IND,PIE,150.8,139.0,0,-17,-36.0,0.1991,0.0
G4,IND,LAS,240.8,259.0,0,9,24.0,0.2316,0.0
G4,LAS,IND,240.8,207.0,0,29,19.0,0.3053,0.0
G4,IND,SRQ,155.12,145.0,0,6,-7.0,0.1786,0.0
G4,IND,SFB,146.84,138.0,0,-16,-28.0,0.2021,0.0
G4,IND,PBI,166.04,160.0,0,-9,-26.0,0.2381,0.0
G4,PBI,IND,166.04,164.0,0,-2,-20.0,0.381,0.0
G4,IND,PIE,150.8,139.0,0,-9,-19.0,0.1991,0.0
G4,IND,LAS,240.8,259.0,0,-6,50.0,0.2316,0.0
G4,LAS,IND,240.8,207.0,0,45,20.0,0.3053,0.0
G4,IND,SRQ,155.12,145.0,0,3,-4.0,0.1786,0.0
G4,IND,PIE,150.8,139.0,0,58,55.0,0.1991,0.0
G4,IND,PGD,159.92,153.0,0,49,33.0,0.1579,0.0
G4,IND,PBI,166.04,160.0,0,-7,-10.0,0.2381,0.0
G4,PBI,IND,166.04,164.0,0,-2,-12.0,0.381,0.0
G4,IND,PIE,150.8,139.0,0,-4,-20.0,0.1991,0.0
G4,IND,LAS,240.8,259.0,0,-3,-12.0,0.2316,0.0
G4,LAS,IND,240.8,207.0,0,-2,-12.0,0.3053,0.0
G4,IND,SRQ,155.12,145.0,0,-7,-23.0,0.1786,0.0
G4,IND,PBI,166.04,150.0,0,-7,-14.0,0.2381,0.0
G4,PBI,IND,166.04,164.0,0,-12,-21.0,0.381,0.0
G4,IND,PIE,150.8,131.0,0,-7,-5.0,0.1991,0.0
G4,IND,LAS,240.8,245.0,0,-13,-5.0,0.2316,0.0
G4,LAS,IND,240.8,215.0,0,-8,-14.0,0.3053,0.0
G4,IND,SRQ,155.12,139.0,0,-10,-11.0,0.1786,0.0
G4,IND,PBI,166.04,150.0,0,-4,-3.0,0.2381,0.0
G4,PBI,IND,166.04,164.0,0,3,-7.0,0.381,0.0
G4,IND,PIE,150.8,131.0,0,16,11.0,0.1991,0.0
G4,IND,LAS,240.8,245.0,0,-7,17.0,0.2316,0.0
G4,LAS,IND,240.8,215.0,0,13,-13.0,0.3053,0.0
G4,IND,SRQ,155.12,139.0,0,-16,-24.0,0.1786,0.0
G4,IND,PBI,166.04,150.0,0,-8,-10.0,0.2381,0.0
G4,PBI,IND,166.04,164.0,0,16,11.0,0.381,0.0
G4,IND,PIE,150.8,131.0,0,14,7.0,0.1991,0.0
G4,IND,LAS,240.8,245.0,0,-11,1.0,0.2316,0.0
G4,LAS,IND,240.8,215.0,0,-1,-7.0,0.3053,0.0
G4,IND,SRQ,155.12,139.0,0,43,38.0,0.1786,0.0
G4,IND,PIE,150.8,131.0,0,-9,-15.0,0.1991,0.0
G4,IND,PGD,159.92,143.0,0,-6,8.0,0.1579,0.0
G4,IND,PBI,166.04,150.0,0,-8,23.0,0.2381,0.0
G4,PBI,IND,166.04,164.0,0,45,41.0,0.381,0.0
G4,IND,PIE,150.8,131.0,0,138,160.0,0.1991,0.0
G4,IND,LAS,240.8,245.0,0,-13,0.0,0.2316,0.0
G4,LAS,IND,240.8,215.0,0,0,-5.0,0.3053,0.0
G4,IND,SRQ,155.12,139.0,0,-21,13.0,0.1786,0.0
G4,IND,VPS,126.44,113.0,0,-7,-9.0,0.1017,0.0
G4,IND,JAX,132.44,116.0,0,-14,-22.0,0.1719,0.0
G4,JAX,IND,132.44,120.0,0,-9,-20.0,0.2812,0.0
G4,IND,PGD,159.92,143.0,0,-12,-10.0,0.1579,0.0
G4,IND,LAS,240.8,245.0,0,-9,-17.0,0.2316,0.0
G4,LAS,IND,240.8,215.0,0,-6,-15.0,0.3053,0.0
G4,IND,FLL,170.6,157.0,0,-15,-9.0,0.3133,0.0
G4,FLL,IND,170.6,167.0,0,-9,-10.0,0.3467,0.0
G4,IND,PIE,150.8,131.0,0,2,24.0,0.1991,0.0
G4,IND,SFB,146.84,130.0,0,76,101.0,0.2021,0.0
G4,IND,BOS,148.16,126.0,0,-8,-2.0,0.1163,0.0
G4,BOS,IND,148.16,162.0,0,-6,-10.0,0.1628,0.0
G4,IND,PBI,166.04,150.0,0,31,43.0,0.2381,0.0
G4,PBI,IND,166.04,164.0,0,63,46.0,0.381,0.0
G4,IND,LAS,240.8,245.0,0,-9,-6.0,0.2316,0.0
G4,LAS,IND,240.8,215.0,0,-4,-3.0,0.3053,0.0
G4,IND,FLL,170.6,157.0,0,-8,-12.0,0.3133,0.0
G4,FLL,IND,170.6,167.0,0,-7,-13.0,0.3467,0.0
G4,IND,BOS,148.16,126.0,0,-2,-11.0,0.1163,0.0
G4,BOS,IND,148.16,162.0,0,-2,-5.0,0.1628,0.0
G4,IND,PBI,166.04,150.0,0,164,194.0,0.2381,0.0
G4,PBI,IND,166.04,164.0,0,195,198.0,0.381,0.0
G4,IND,LAS,240.8,245.0,0,8,16.0,0.2316,0.0
G4,LAS,IND,240.8,215.0,0,21,5.0,0.3053,0.0
G4,IND,FLL,170.6,157.0,0,2,-6.0,0.3133,0.0
G4,FLL,IND,170.6,167.0,0,3,-8.0,0.3467,0.0
G4,IND,PIE,150.8,131.0,0,-10,17.0,0.1991,0.0
G4,IND,SFB,146.84,130.0,0,6,10.0,0.2021,0.0
G4,IND,PGD,159.92,143.0,0,331,342.0,0.1579,0.0
G4,IND,VPS,126.44,113.0,0,-3,0.0,0.1017,0.0
G4,IND,PGD,159.92,143.0,0,-9,-4.0,0.1579,0.0
G4,IND,LAS,240.8,245.0,0,-1,23.0,0.2316,0.0
G4,LAS,IND,240.8,215.0,0,27,1.0,0.3053,0.0
G4,IND,FLL,170.6,157.0,0,20,17.0,0.3133,0.0
G4,FLL,IND,170.6,167.0,0,25,21.0,0.3467,0.0
G4,IND,SRQ,155.12,139.0,0,-11,-14.0,0.1786,0.0
G4,IND,PIE,150.8,131.0,0,-15,-16.0,0.1991,0.0
G4,IND,SRQ,155.12,139.0,0,-11,-22.0,0.1786,0.0
G4,IND,BOS,148.16,126.0,0,-2,2.0,0.1163,0.0
G4,BOS,IND,148.16,162.0,0,-1,3.0,0.1628,0.0
G4,IND,PIE,150.8,131.0,0,-1,-4.0,0.1991,0.0
G4,IND,JAX,132.44,116.0,0,-12,-29.0,0.1719,0.0
G4,JAX,IND,132.44,120.0,0,-7,5.0,0.2812,0.0
G4,IND,LAS,240.8,245.0,0,-10,-6.0,0.2316,0.0
G4,LAS,IND,240.8,215.0,0,9,-12.0,0.3053,0.0
G4,IND,FLL,170.6,157.0,0,-6,-19.0,0.3133,0.0
G4,FLL,IND,170.6,167.0,0,-2,5.0,0.3467,0.0
G4,IND,PIE,150.8,131.0,0,12,36.0,0.1991,0.0
G4,IND,SFB,146.84,130.0,0,57,61.0,0.2021,0.0
G4,IND,PIE,150.8,131.0,0,103,93.0,0.1991,0.0
G4,IND,BOS,148.16,126.0,0,0,-4.0,0.1163,0.0
G4,BOS,IND,148.16,162.0,0,2,-14.0,0.1628,0.0
G4,IND,PGD,159.92,144.0,0,-10,-9.0,0.1579,0.0
G4,IND,JAX,132.44,116.0,0,36,27.0,0.1719,0.0
G4,JAX,IND,132.44,120.0,0,40,49.0,0.2812,0.0
G4,IND,LAS,240.8,245.0,0,-3,11.0,0.2316,0.0
G4,LAS,IND,240.8,215.0,0,37,29.0,0.3053,0.0
G4,IND,FLL,170.6,157.0,0,39,24.0,0.3133,0.0
G4,FLL,IND,170.6,167.0,0,26,32.0,0.3467,0.0
G4,IND,SRQ,155.12,137.0,0,-9,-17.0,0.1786,0.0
G4,IND,BOS,148.16,131.0,0,39,28.0,0.1163,0.0
G4,BOS,IND,148.16,152.0,0,32,43.0,0.1628,0.0
G4,IND,SFB,146.84,127.0,0,54,56.0,0.2021,0.0
G4,IND,JAX,132.44,122.0,0,62,60.0,0.1719,0.0
G4,JAX,IND,132.44,118.0,0,60,63.0,0.2812,0.0
G4,IND,SFB,146.84,127.0,0,-1,10.0,0.2021,0.0
G4,IND,SRQ,155.12,137.0,0,31,30.0,0.1786,0.0
G4,IND,PIE,150.8,130.0,0,25,22.0,0.1991,0.0
G4,IND,PGD,159.92,143.0,0,1,7.0,0.1579,0.0
G4,IND,SRQ,155.12,137.0,0,-14,-6.0,0.1786,0.0
G4,IND,BOS,148.16,131.0,0,-9,-12.0,0.1163,0.0
G4,BOS,IND,148.16,152.0,0,-10,-20.0,0.1628,0.0
G4,IND,SFB,146.84,127.0,0,-5,-4.0,0.2021,0.0
G4,IND,JAX,132.44,122.0,0,-10,-11.0,0.1719,0.0
G4,JAX,IND,132.44,118.0,0,-15,-23.0,0.2812,0.0
G4,IND,SFB,146.84,127.0,0,0,11.0,0.2021,0.0
G4,IND,PIE,150.8,130.0,0,17,13.0,0.1991,0.0
G4,IND,PBI,166.04,147.0,0,-7,-3.0,0.2381,0.0
G4,PBI,IND,166.04,171.0,0,14,20.0,0.381,0.0
G4,IND,PIE,150.8,132.0,0,1,-1.0,0.1991,0.0
G4,MCI,PGD,185.12,167.0,0,27,27.0,0.5373,0.0
G4,FLL,BLV,173.36,162.0,0,-2,-4.0,0.44,0.0
G4,FLL,XNA,181.04,178.0,0,5,-15.0,0.5082,0.0
G4,PDX,GRR,269.96,239.0,0,-10,-18.0,0.129,0.0
G4,PDX,GRR,269.96,239.0,0,-8,8.0,0.129,0.0
G4,BNA,DSM,113.6,98.0,0,-8,0.0,0.2558,0.0
G4,LAS,DSM,195.92,170.0,0,-6,3.0,0.3827,0.0
G4,SNA,DSM,221.48,196.0,0,1,-4.0,0.4062,0.0
G4,FLL,DSM,207.8,201.0,0,-5,-20.0,0.4756,0.0
G4,LAS,DSM,195.92,170.0,0,-5,11.0,0.3827,0.0
G4,LAS,DSM,195.92,170.0,0,-7,-6.0,0.3827,0.0
G4,SNA,DSM,221.48,196.0,0,4,0.0,0.4062,0.0
G4,FLL,DSM,207.8,201.0,0,-3,-10.0,0.4756,0.0
G4,LAS,DSM,195.92,170.0,0,46,77.0,0.3827,0.0
G4,BNA,DSM,113.6,98.0,0,-2,-3.0,0.2558,0.0
G4,HOU,DSM,149.0,130.0,0,45,40.0,0.3429,0.0
G4,OMA,AZA,173.12,159.0,0,7,6.0,0.225,0.0
G4,CVG,AZA,236.36,226.0,0,7,8.0,0.2812,0.0
G4,OAK,EUG,103.4,86.0,0,33,30.0,0.3,0.0
G4,SNA,IDA,139.64,130.0,0,3,3.0,0.3158,0.0
G4,OMA,AZA,173.12,159.0,0,-6,-11.0,0.225,0.0
G4,CVG,AZA,236.36,226.0,0,11,15.0,0.2812,0.0
G4,OAK,EUG,103.4,86.0,0,-6,17.0,0.3,0.0
G4,SAN,AZA,88.88,75.0,0,38,50.0,0.25,0.0
G4,BOI,SNA,132.56,131.0,0,-12,-29.0,0.3364,0.0
G4,SNA,BOI,132.56,120.0,0,-11,-5.0,0.3636,0.0
G4,BOI,AZA,139.88,123.0,0,-8,-16.0,0.3368,0.0
G4,SNA,IDA,139.64,130.0,0,-4,-6.0,0.3158,0.0
G4,OAK,EUG,103.4,86.0,0,19,11.0,0.3,0.0
G4,BOI,SNA,132.56,131.0,0,-5,-13.0,0.3364,0.0
G4,SNA,BOI,132.56,118.0,0,-7,-5.0,0.3636,0.0
G4,BOI,AZA,139.88,122.0,0,-9,-18.0,0.3368,0.0
G4,SNA,IDA,139.64,123.0,0,-10,20.0,0.3158,0.0
G4,SAN,IDA,145.28,131.0,0,-6,-1.0,0.7273,0.0
G4,SNA,IDA,139.64,123.0,0,97,97.0,0.3158,0.0
G4,OMA,AZA,173.12,155.0,0,27,37.0,0.225,0.0
G4,SAN,IDA,145.28,131.0,0,17,16.0,0.7273,0.0
G4,AUS,PVU,176.12,160.0,0,-7,1.0,0.25,0.0
G4,HOU,PVU,191.72,172.0,0,5,8.0,0.4889,0.0
G4,PHX,PVU,106.16,84.0,0,24,27.0,0.3786,0.0
G4,OAK,EUG,103.4,81.0,0,-8,-11.0,0.3,0.0
G4,BOI,SNA,132.56,131.0,0,-2,3.0,0.3364,0.0
G4,SNA,BOI,132.56,118.0,0,6,1.0,0.3636,0.0
G4,BOI,AZA,139.88,122.0,0,0,6.0,0.3368,0.0
G4,SNA,IDA,139.64,123.0,0,-3,-1.0,0.3158,0.0
G4,BOI,SNA,132.56,133.0,0,-4,-10.0,0.3364,0.0
G4,SNA,BOI,132.56,121.0,0,-7,-8.0,0.3636,0.0
G4,BOI,AZA,139.88,122.0,0,-1,-7.0,0.3368,0.0
G4,SAN,FSD,210.32,188.0,0,-4,1.0,0.25,0.0
G4,BOI,SNA,132.56,133.0,0,-6,-12.0,0.3364,0.0
G4,SNA,BOI,132.56,121.0,0,-4,-3.0,0.3636,0.0
G4,BOI,AZA,139.88,122.0,0,-6,-6.0,0.3368,0.0
G4,SNA,IDA,139.64,125.0,0,-11,-27.0,0.3158,0.0
G4,SAN,IDA,145.28,132.0,0,-6,-10.0,0.7273,0.0
G4,SNA,IDA,139.64,125.0,0,-15,-12.0,0.3158,0.0
G4,OAK,EUG,103.4,81.0,0,-15,-16.0,0.3,0.0
G4,SAN,FSD,210.32,188.0,0,-11,-4.0,0.25,0.0
G4,BOI,SNA,132.56,134.0,0,33,38.0,0.3364,0.0
G4,SNA,BOI,132.56,121.0,0,49,47.0,0.3636,0.0
G4,BOI,AZA,139.88,127.0,0,46,46.0,0.3368,0.0
G4,SNA,IDA,139.64,127.0,0,42,35.0,0.3158,0.0
G4,SNA,IDA,139.64,127.0,0,47,56.0,0.3158,0.0
G4,SNA,IDA,139.64,130.0,0,-2,-8.0,0.3158,0.0
G4,HOU,AZA,169.76,156.0,0,-9,-10.0,0.2316,0.0
G4,SNA,IDA,139.64,130.0,0,172,166.0,0.3158,0.0
G4,LAX,PVU,118.28,102.0,0,-1,-8.0,0.4156,0.0
G4,BNA,PVU,216.56,226.0,0,16,-4.0,0.3718,0.0
G4,SNA,PVU,117.8,101.0,0,6,19.0,0.5382,0.0
G4,SAN,PVU,121.88,119.0,0,55,43.0,0.5333,0.0
G4,SNA,PVU,117.8,101.0,0,-12,-8.0,0.5382,0.0
G4,SNA,PVU,117.8,98.0,0,49,51.0,0.5382,0.0
G4,SNA,PVU,117.8,101.0,0,45,49.0,0.5382,0.0
G4,SNA,PVU,117.8,101.0,0,-6,-4.0,0.5382,0.0
G4,PDX,PVU,129.68,108.0,0,298,293.0,0.3258,0.0
G4,SNA,PVU,117.8,101.0,0,6,6.0,0.5382,0.0
G4,CVG,PIE,143.12,126.0,0,35,30.0,0.2246,0.0
G4,CVG,SFB,138.2,122.0,0,-10,-18.0,0.254,0.0
G4,CVG,PIE,143.12,126.0,0,-5,-6.0,0.2246,0.0
G4,IND,PGD,159.92,142.0,0,9,26.0,0.1579,0.0
G4,IND,LAX,267.68,276.0,0,101,104.0,0.1833,0.0
G4,LAX,IND,267.68,240.0,0,117,96.0,0.25,0.0
G4,CVG,PIE,143.12,128.0,0,-9,-15.0,0.2246,0.0
G4,CVG,SFB,138.2,123.0,0,-6,-13.0,0.254,0.0
G4,CVG,SFB,138.2,123.0,0,2,5.0,0.254,0.0
G4,EWR,AVL,119.96,130.0,0,-12,-27.0,0.0643,0.0
G4,EWR,AVL,119.96,126.0,0,-16,-34.0,0.0643,0.0
G4,DEN,AVL,199.76,167.0,0,-9,-12.0,0.3419,0.0
G4,BOS,AVL,143.96,154.0,0,-12,-28.0,0.1092,0.0
G4,BWI,AVL,99.68,92.0,0,-8,-21.0,0.2208,0.0
G4,MSP,AVL,153.32,136.0,0,-8,-20.0,0.5641,0.0
G4,EWR,AVL,119.96,130.0,0,0,-7.0,0.0643,0.0
G4,MDW,AVL,112.52,100.0,0,42,30.0,0.2911,0.0
G4,HOU,AVL,151.16,128.0,0,35,18.0,0.2468,0.0
G4,MSP,AVL,153.32,136.0,0,-4,-10.0,0.5641,0.0
G4,BOS,AVL,143.96,154.0,0,-22,-29.0,0.1092,0.0
G4,DEN,AVL,199.76,167.0,0,13,-5.0,0.3419,0.0
G4,PHX,AVL,251.96,237.0,0,59,4.0,0.2778,0.0
G4,BWI,AVL,99.68,92.0,0,-11,-14.0,0.2208,0.0
G4,FLL,AVL,129.32,118.0,0,31,22.0,0.3754,0.0
G4,FLL,AVL,129.32,118.0,0,13,8.0,0.3754,0.0
G4,EWR,AVL,119.96,133.0,0,-3,23.0,0.0643,0.0
G4,LAS,AVL,268.88,241.0,0,15,14.0,0.2917,0.0
G4,LAS,GRR,247.04,221.0,0,5,-28.0,0.3616,0.0
G4,FLL,GRR,193.76,191.0,0,59,34.0,0.4898,0.0
G4,LAS,GRR,247.04,221.0,0,-2,-15.0,0.3616,0.0
G4,LAS,GRR,247.04,220.0,0,-8,5.0,0.3616,0.0
G4,LAS,GRR,247.04,220.0,0,-11,-14.0,0.3616,0.0
G4,LAS,SHV,199.16,167.0,0,3,-3.0,0.1895,0.0
G4,LAS,ELP,119.96,98.0,0,-4,1.0,0.3535,0.0
G4,LAS,RFD,224.6,196.0,0,13,3.0,0.3333,0.0
G4,LAS,SGF,195.08,165.0,0,-7,-10.0,0.2453,0.0
G4,LAS,GTF,147.32,142.0,0,-1,-3.0,0.2105,0.0
G4,LAS,MRY,95.0,85.0,0,5,2.0,0.4375,0.0
G4,LAS,FAR,194.6,175.0,0,-9,-18.0,0.1626,0.0
G4,LAS,FCA,151.4,157.0,0,-6,-30.0,0.3438,0.0
G4,LAS,SHV,199.16,167.0,0,-8,-10.0,0.1895,0.0
G4,LAS,BIL,140.48,129.0,0,6,-4.0,0.2887,0.0
G4,LAS,SCK,93.08,80.0,0,-5,19.0,0.3139,0.0
G4,LAS,GRR,247.04,218.0,0,-3,5.0,0.3616,0.0
G4,LAS,GRR,247.04,218.0,0,-3,-11.0,0.3616,0.0
G4,LAS,GRR,247.04,218.0,0,16,-2.0,0.3616,0.0
G4,FLL,GRR,193.76,193.0,0,-13,-12.0,0.4898,0.0
G4,AUS,GRR,182.36,164.0,0,-7,-2.0,0.1558,0.0
G4,LAX,GRR,274.88,240.0,0,153,142.0,0.3043,0.0
G4,AUS,GRR,182.36,164.0,0,35,22.0,0.1558,0.0
G4,AUS,GRR,182.36,164.0,0,-1,-2.0,0.1558,0.0
G4,AUS,GRR,182.36,164.0,0,-8,-15.0,0.1558,0.0
G4,LAX,GRR,274.88,240.0,0,42,22.0,0.3043,0.0
G4,AUS,GRR,182.36,164.0,0,-4,-17.0,0.1558,0.0
G4,LAX,GRR,274.88,240.0,0,26,5.0,0.3043,0.0
G4,LAX,GRR,274.88,240.0,0,37,27.0,0.3043,0.0
G4,PDX,GRR,269.96,237.0,0,-9,-23.0,0.129,0.0
G4,LAX,GRR,274.88,240.0,0,56,80.0,0.3043,0.0
G4,PDX,GRR,269.96,224.0,0,14,16.0,0.129,0.0
G4,AUS,GRR,182.36,162.0,0,1,-15.0,0.1558,0.0
G4,LAX,GRR,274.88,247.0,0,-7,-5.0,0.3043,0.0
G4,AUS,GRR,182.36,162.0,0,5,0.0,0.1558,0.0
G4,LAS,GRR,247.04,223.0,0,-8,-13.0,0.3616,0.0
G4,AUS,GRR,182.36,162.0,0,-2,-10.0,0.1558,0.0
G4,LAS,GRR,247.04,223.0,0,41,62.0,0.3616,0.0
G4,AUS,GRR,182.36,162.0,0,50,66.0,0.1558,0.0
G4,LAS,GRR,247.04,223.0,0,-7,1.0,0.3616,0.0
G4,AUS,GRR,182.36,162.0,0,83,66.0,0.1558,0.0
G4,LAS,GRR,247.04,223.0,0,99,103.0,0.3616,0.0
G4,AUS,GRR,182.36,162.0,0,-8,-16.0,0.1558,0.0
G4,LAS,GRR,247.04,223.0,0,26,26.0,0.3616,0.0
G4,AUS,GRR,182.36,162.0,0,-4,-8.0,0.1558,0.0
G4,LAS,GRR,247.04,223.0,0,-2,-11.0,0.3616,0.0
G4,AUS,GRR,182.36,166.0,0,-6,-18.0,0.1558,0.0
G4,LAS,GRR,247.04,223.0,0,66,79.0,0.3616,0.0
G4,AUS,GRR,182.36,166.0,0,34,30.0,0.1558,0.0
G4,LAS,GRR,247.04,223.0,0,30,30.0,0.3616,0.0
G4,BOS,GRR,138.8,138.0,0,-18,-28.0,0.0986,0.0
G4,PDX,GRR,269.96,241.0,0,-5,-15.0,0.129,0.0
G4,LAX,GRR,274.88,247.0,0,-8,-24.0,0.3043,0.0
G4,BOS,GRR,138.8,135.0,0,-17,-22.0,0.0986,0.0
G4,MEM,PIE,128.36,108.0,0,-5,-8.0,0.2375,0.0
G4,LAS,GRR,247.04,218.0,0,46,82.0,0.3616,0.0
G4,BOS,GRR,138.8,135.0,0,-19,-31.0,0.0986,0.0
G4,OMA,PIE,192.56,164.0,0,-19,-30.0,0.2468,0.0
G4,LAX,CID,236.0,211.0,0,0,-13.0,0.1818,0.0
G4,LAX,PSC,152.12,137.0,0,-5,-10.0,0.1818,0.0
G4,LAX,XNA,214.52,193.0,0,4,-4.0,0.3269,0.0
G4,LAX,DSM,223.64,197.0,0,-12,-8.0,0.1923,0.0
G4,LAX,SGF,220.76,193.0,0,1,26.0,0.2353,0.0
G4,LAX,SGF,220.76,195.0,0,-2,2.0,0.2353,0.0
G4,LAX,EUG,139.76,130.0,0,-6,-18.0,0.1948,0.0
G4,LAX,CVG,278.0,252.0,0,-7,7.0,0.3704,0.0
G4,CVG,LAX,278.0,272.0,0,28,46.0,0.4259,0.0
G4,LAX,MSO,160.76,153.0,0,-1,-19.0,0.375,0.0
G4,LAX,CVG,278.0,248.0,0,-3,18.0,0.3704,0.0
G4,CVG,LAX,278.0,277.0,0,24,11.0,0.4259,0.0
G4,LAX,LIT,229.28,205.0,0,-3,-1.0,0.1364,0.0
G4,LAX,FSD,210.8,188.0,0,52,51.0,0.55,0.0
G4,LAX,PSC,152.12,137.0,0,-2,11.0,0.1818,0.0
G4,LAX,CVG,278.0,252.0,0,36,23.0,0.3704,0.0
G4,CVG,LAX,278.0,265.0,0,36,36.0,0.4259,0.0
G4,LAX,MSO,160.76,146.0,0,-3,14.0,0.375,0.0
G4,LAX,CVG,278.0,254.0,0,11,2.0,0.3704,0.0
G4,CVG,LAX,278.0,265.0,0,11,20.0,0.4259,0.0
G4,LAX,SGF,220.76,195.0,0,-5,-12.0,0.2353,0.0
G4,LAX,MFE,208.16,191.0,0,-2,-21.0,0.0833,0.0
G4,LAX,XNA,214.52,190.0,0,33,16.0,0.3269,0.0
G4,LAX,MSO,160.76,146.0,0,5,12.0,0.375,0.0
G4,LAX,CVG,278.0,254.0,0,-3,-34.0,0.3704,0.0
G4,CVG,LAX,278.0,265.0,0,14,69.0,0.4259,0.0
G4,LAX,CID,236.0,211.0,0,-11,-20.0,0.1818,0.0
G4,LAX,EUG,139.76,127.0,0,22,24.0,0.1948,0.0
G4,LAX,MEM,244.28,225.0,0,197,194.0,0.1538,0.0
G4,MEM,LAX,244.28,233.0,0,230,262.0,0.3287,0.0
G4,LAX,MFR,125.6,112.0,0,0,-1.0,0.3704,0.0
G4,LAX,LIT,229.28,205.0,0,-3,6.0,0.1364,0.0
G4,LAX,FSD,210.8,188.0,0,35,41.0,0.55,0.0
G4,LAX,GJT,128.6,110.0,0,16,13.0,0.2381,0.0
G4,LAX,FCA,171.68,158.0,0,-3,-16.0,0.2222,0.0
G4,LAX,MSO,160.76,146.0,0,-7,0.0,0.375,0.0
G4,LAX,SGF,220.76,196.0,0,-6,-11.0,0.2353,0.0
G4,LAX,LIT,229.28,205.0,0,-6,-17.0,0.1364,0.0
G4,LAX,FSD,210.8,188.0,0,7,8.0,0.55,0.0
G4,LAX,EUG,139.76,127.0,0,-1,-3.0,0.1948,0.0
G4,LAX,MEM,244.28,225.0,0,-3,-19.0,0.1538,0.0
G4,MEM,LAX,244.28,233.0,0,-13,-7.0,0.3287,0.0
G4,LAX,MSO,160.76,146.0,0,-9,-18.0,0.375,0.0
G4,LAX,CVG,278.0,254.0,0,-9,-18.0,0.3704,0.0
G4,CVG,LAX,278.0,265.0,0,-6,-2.0,0.4259,0.0
G4,LAX,CID,236.0,211.0,0,48,22.0,0.1818,0.0
G4,LAX,EUG,139.76,127.0,0,-6,-15.0,0.1948,0.0
G4,LAX,MEM,244.28,225.0,0,-5,4.0,0.1538,0.0
G4,MEM,LAX,244.28,233.0,0,6,13.0,0.3287,0.0
G4,LAX,MSO,160.76,146.0,0,62,53.0,0.375,0.0
G4,LAX,CVG,278.0,254.0,0,45,21.0,0.3704,0.0
G4,CVG,LAX,278.0,265.0,0,26,44.0,0.4259,0.0
G4,LAX,FSD,210.8,188.0,0,5,-10.0,0.55,0.0
G4,LAX,EUG,139.76,127.0,0,52,47.0,0.1948,0.0
G4,LAX,MEM,244.28,225.0,0,26,17.0,0.1538,0.0
G4,MEM,LAX,244.28,233.0,0,77,99.0,0.3287,0.0
G4,LAX,MSO,160.76,146.0,0,-8,-10.0,0.375,0.0
G4,LAX,CVG,278.0,254.0,0,-3,-9.0,0.3704,0.0
G4,CVG,LAX,278.0,265.0,0,14,29.0,0.4259,0.0
G4,LAX,LIT,229.28,205.0,0,-1,-2.0,0.1364,0.0
G4,LAX,FSD,210.8,188.0,0,-7,-15.0,0.55,0.0
G4,LAX,PSC,152.12,137.0,0,22,21.0,0.1818,0.0
G4,LAX,CVG,278.0,252.0,0,68,58.0,0.3704,0.0
G4,CVG,LAX,278.0,265.0,0,83,79.0,0.4259,0.0
G4,LAX,MSO,160.76,146.0,0,59,59.0,0.375,0.0
G4,LAX,SGF,220.76,196.0,0,-9,-17.0,0.2353,0.0
G4,LAX,LIT,229.28,211.0,0,-4,-12.0,0.1364,0.0
G4,LAX,FSD,210.8,188.0,0,13,5.0,0.55,0.0
G4,LAX,PSC,152.12,133.0,0,-4,1.0,0.1818,0.0
G4,LAX,CVG,278.0,252.0,0,-4,-22.0,0.3704,0.0
G4,CVG,LAX,278.0,265.0,0,41,43.0,0.4259,0.0
G4,LAX,MSO,160.76,141.0,0,38,35.0,0.375,0.0
G4,LAX,CVG,278.0,253.0,0,35,24.0,0.3704,0.0
G4,CVG,LAX,278.0,264.0,0,49,123.0,0.4259,0.0
G4,LAX,ICT,194.36,174.0,0,1,-2.0,0.1364,0.0
G4,LAX,FSD,210.8,188.0,0,-7,-12.0,0.55,0.0
G4,LAX,PSC,152.12,133.0,0,-5,1.0,0.1818,0.0
G4,LAX,CVG,278.0,252.0,0,18,6.0,0.3704,0.0
G4,CVG,LAX,278.0,265.0,0,16,4.0,0.4259,0.0
G4,LAX,MSO,160.76,141.0,0,13,12.0,0.375,0.0
G4,LAX,CVG,278.0,253.0,0,9,9.0,0.3704,0.0
G4,CVG,LAX,278.0,264.0,0,13,-5.0,0.4259,0.0
G4,LAX,LIT,229.28,211.0,0,7,11.0,0.1364,0.0
G4,LAX,FSD,210.8,188.0,0,29,16.0,0.55,0.0
G4,LAX,PSC,152.12,133.0,0,-4,-4.0,0.1818,0.0
G4,LAX,CVG,278.0,252.0,0,-1,-6.0,0.3704,0.0
G4,CVG,LAX,278.0,265.0,0,3,14.0,0.4259,0.0
G4,LAX,TUL,203.96,181.0,0,-16,0.0,0.2737,0.0
G4,LAX,SHV,221.0,198.0,0,11,8.0,0.375,0.0
G4,LAX,LIT,229.28,211.0,0,-3,-20.0,0.1364,0.0
G4,LAX,FSD,210.8,188.0,0,6,16.0,0.55,0.0
G4,LAX,PSC,152.12,133.0,0,17,22.0,0.1818,0.0
G4,LAX,MEM,244.28,225.0,0,23,15.0,0.1538,0.0
G4,MEM,LAX,244.28,228.0,0,18,16.0,0.3287,0.0
G4,LAX,MSO,160.76,141.0,0,-6,1.0,0.375,0.0
G4,LAX,CVG,278.0,253.0,0,47,66.0,0.3704,0.0
G4,CVG,LAX,278.0,264.0,0,129,131.0,0.4259,0.0
G4,LAX,LIT,229.28,211.0,0,-6,-14.0,0.1364,0.0
G4,LAX,FSD,210.8,188.0,0,28,14.0,0.55,0.0
G4,LAX,PSC,152.12,133.0,0,8,18.0,0.1818,0.0
G4,LAX,CVG,278.0,252.0,0,16,11.0,0.3704,0.0
G4,CVG,LAX,278.0,265.0,0,8,2.0,0.4259,0.0
G4,LAX,TUL,203.96,181.0,0,26,24.0,0.2737,0.0
G4,LAX,SHV,221.0,198.0,0,7,18.0,0.375,0.0
G4,LAX,LIT,229.28,211.0,0,-1,-8.0,0.1364,0.0
G4,LAX,FSD,210.8,188.0,0,74,72.0,0.55,0.0
G4,LAX,PSC,152.12,133.0,0,-6,-12.0,0.1818,0.0
G4,LAX,CVG,278.0,252.0,0,5,52.0,0.3704,0.0
G4,CVG,LAX,278.0,265.0,0,123,127.0,0.4259,0.0
G4,LAX,MSO,160.76,141.0,0,-5,-6.0,0.375,0.0
G4,LAX,CVG,278.0,253.0,0,15,18.0,0.3704,0.0
G4,CVG,LAX,278.0,264.0,0,102,84.0,0.4259,0.0
G4,LAX,LIT,229.28,211.0,0,-3,6.0,0.1364,0.0
G4,LAX,FSD,210.8,188.0,0,15,24.0,0.55,0.0
G4,LAX,PSC,152.12,133.0,0,-4,-3.0,0.1818,0.0
G4,LAX,CVG,278.0,252.0,0,-4,-4.0,0.3704,0.0
G4,CVG,LAX,278.0,265.0,0,6,-12.0,0.4259,0.0
G4,LAX,TUL,203.96,181.0,0,-6,-11.0,0.2737,0.0
G4,LAX,SHV,221.0,198.0,0,-4,-3.0,0.375,0.0
G4,LAX,LIT,229.28,211.0,0,-3,-5.0,0.1364,0.0
G4,LAX,FSD,210.8,188.0,0,22,29.0,0.55,0.0
G4,LAX,PSC,152.12,133.0,0,-5,-12.0,0.1818,0.0
G4,LAX,CVG,278.0,252.0,0,5,45.0,0.3704,0.0
G4,CVG,LAX,278.0,265.0,0,757,733.0,0.4259,0.0
G4,LAX,SGF,220.76,200.0,0,-1,3.0,0.2353,0.0
G4,LAX,ICT,194.36,174.0,0,16,5.0,0.1364,0.0
G4,LAX,FSD,210.8,188.0,0,104,103.0,0.55,0.0
G4,LAX,MFE,208.16,198.0,0,-6,-16.0,0.0833,0.0
G4,LAX,FCA,171.68,153.0,0,113,112.0,0.2222,0.0
G4,LAX,SGF,220.76,194.0,0,-1,18.0,0.2353,0.0
G4,LAX,LIT,229.28,209.0,0,-6,2.0,0.1364,0.0
G4,LAX,FSD,210.8,188.0,0,70,63.0,0.55,0.0
G4,LAX,PSC,152.12,134.0,0,-5,3.0,0.1818,0.0
G4,LAX,CVG,278.0,252.0,0,-2,-25.0,0.3704,0.0
G4,CVG,LAX,278.0,265.0,0,22,45.0,0.4259,0.0
G4,LAX,MSO,160.76,140.0,0,-5,7.0,0.375,0.0
G4,LAX,CVG,278.0,257.0,0,11,-16.0,0.3704,0.0
G4,CVG,LAX,278.0,261.0,0,37,51.0,0.4259,0.0
G4,LAX,LIT,229.28,209.0,0,-2,-18.0,0.1364,0.0
G4,LAX,FSD,210.8,188.0,0,33,22.0,0.55,0.0
G4,LAX,PSC,152.12,134.0,0,74,82.0,0.1818,0.0
G4,LAX,MEM,244.28,225.0,0,55,42.0,0.1538,0.0
G4,MEM,LAX,244.28,228.0,0,42,70.0,0.3287,0.0
G4,LAX,MSO,160.76,140.0,0,15,21.0,0.375,0.0
G4,LAX,CVG,278.0,257.0,0,24,14.0,0.3704,0.0
G4,CVG,LAX,278.0,261.0,0,25,50.0,0.4259,0.0
G4,LAX,LIT,229.28,209.0,0,-3,-11.0,0.1364,0.0
G4,LAX,FSD,210.8,188.0,0,-3,-18.0,0.55,0.0
G4,LAX,FCA,171.68,153.0,0,339,376.0,0.2222,0.0
G4,LAX,TUL,203.96,180.0,0,53,49.0,0.2737,0.0
G4,LAX,SHV,221.0,201.0,0,51,48.0,0.375,0.0
G4,LAS,PSC,137.84,136.0,0,-3,-13.0,0.24,0.0
G4,LAS,SCK,93.08,81.0,0,12,31.0,0.3139,0.0
G4,PHX,SCK,122.36,103.0,0,60,64.0,0.5213,0.0
G4,LAS,FAT,81.08,74.0,0,4,-5.0,0.2664,0.0
G4,LAS,BLI,164.48,160.0,0,-12,-24.0,0.1545,0.0
G4,LAS,ATW,231.2,216.0,0,-5,-9.0,0.4926,0.0
G4,BNA,ABE,132.2,116.0,0,-14,-13.0,0.2143,0.0
G4,BNA,ATW,118.4,106.0,0,10,12.0,0.447,0.0
G4,DEN,ATW,155.96,141.0,0,29,34.0,0.3467,0.0
G4,BNA,ABE,132.2,116.0,0,-2,8.0,0.2143,0.0
G4,BNA,ATW,118.4,106.0,0,19,17.0,0.447,0.0
G4,LAS,ATW,231.2,216.0,0,-1,0.0,0.4926,0.0
G4,BNA,ABE,132.2,116.0,0,16,6.0,0.2143,0.0
G4,BNA,ATW,118.4,106.0,0,38,31.0,0.447,0.0
G4,BNA,ATW,118.4,106.0,0,-16,-24.0,0.447,0.0
G4,LAS,ATW,231.2,216.0,0,-5,-20.0,0.4926,0.0
G4,BNA,ATW,118.4,106.0,0,-13,-25.0,0.447,0.0
G4,PDX,ATW,249.44,220.0,0,-15,-6.0,0.125,0.0
G4,DEN,ATW,155.96,138.0,0,-6,-14.0,0.3467,0.0
G4,LAS,ATW,231.2,215.0,0,-5,-22.0,0.4926,0.0
G4,LAS,ATW,231.2,215.0,0,8,26.0,0.4926,0.0
G4,DEN,ATW,155.96,138.0,0,-1,-16.0,0.3467,0.0
G4,LAS,ATW,231.2,215.0,0,1,2.0,0.4926,0.0
G4,BNA,ATW,118.4,100.0,0,-22,-14.0,0.447,0.0
G4,FLL,ATW,210.56,206.0,0,41,48.0,0.5435,0.0
G4,DEN,ATW,155.96,138.0,0,-13,-15.0,0.3467,0.0
G4,BNA,ATW,118.4,100.0,0,-24,2.0,0.447,0.0
G4,LAS,ATW,231.2,215.0,0,3,7.0,0.4926,0.0
G4,DEN,ATW,155.96,138.0,0,3,-1.0,0.3467,0.0
G4,LAS,ATW,231.2,215.0,0,18,12.0,0.4926,0.0
G4,DEN,ATW,155.96,138.0,0,1,-6.0,0.3467,0.0
G4,LAS,ATW,231.2,209.0,0,1,18.0,0.4926,0.0
G4,DEN,ATW,155.96,138.0,0,-15,-14.0,0.3467,0.0
G4,LAS,ATW,231.2,209.0,0,-6,-11.0,0.4926,0.0
G4,FLL,ATW,210.56,207.0,0,36,40.0,0.5435,0.0
G4,LAS,ATW,231.2,209.0,0,10,-8.0,0.4926,0.0
G4,DEN,ATW,155.96,138.0,0,-12,-18.0,0.3467,0.0
G4,LAS,ATW,231.2,209.0,0,-8,-14.0,0.4926,0.0
G4,DEN,ATW,155.96,138.0,0,-20,-31.0,0.3467,0.0
G4,FLL,ATW,210.56,214.0,0,-2,-15.0,0.5435,0.0
G4,BNA,GRR,106.4,89.0,0,-1,-5.0,0.2468,0.0
G4,BNA,ATW,118.4,105.0,0,-11,-14.0,0.447,0.0
G4,FLL,ATW,210.56,214.0,0,31,32.0,0.5435,0.0
G4,DEN,ATW,155.96,137.0,0,-15,-7.0,0.3467,0.0
G4,LAS,FNT,257.96,212.0,0,-5,5.0,0.3579,0.0
G4,LAS,TYS,258.68,222.0,0,15,-12.0,0.2737,0.0
G4,EWR,TYS,125.72,145.0,0,-7,-26.0,0.069,0.0
G4,PHX,TYS,241.88,226.0,0,0,-46.0,0.23,0.0
G4,LAS,TYS,258.68,222.0,0,11,3.0,0.2737,0.0
G4,EWR,TYS,125.72,145.0,0,20,4.0,0.069,0.0
G4,PHX,TYS,241.88,226.0,0,-7,-34.0,0.23,0.0
G4,LAS,TYS,258.68,222.0,0,-7,-10.0,0.2737,0.0
G4,EWR,TYS,125.72,145.0,0,-7,-23.0,0.069,0.0
G4,PHX,TYS,241.88,226.0,0,-9,-45.0,0.23,0.0
G4,LAS,TYS,258.68,222.0,0,1,-6.0,0.2737,0.0
G4,FLL,TYS,135.08,124.0,0,152,226.0,0.4231,0.0
G4,EWR,TYS,125.72,145.0,0,-9,-30.0,0.069,0.0
G4,PHX,TYS,241.88,226.0,0,-12,-38.0,0.23,0.0
G4,BNA,PIA,92.36,77.0,0,10,13.0,0.2155,0.0
G4,PHX,TYS,241.88,192.0,0,5,18.0,0.23,0.0
G4,EWR,TYS,125.72,145.0,0,-17,-35.0,0.069,0.0
G4,FLL,TYS,135.08,122.0,0,17,16.0,0.4231,0.0
G4,FLL,TYS,135.08,122.0,0,-1,-1.0,0.4231,0.0
G4,EWR,TYS,125.72,145.0,0,-18,-28.0,0.069,0.0
G4,PHX,TYS,241.88,192.0,0,16,2.0,0.23,0.0
G4,PBI,TYS,130.4,122.0,0,78,83.0,0.3333,0.0
G4,FLL,TYS,135.08,122.0,0,1,-9.0,0.4231,0.0
G4,PHX,TYS,241.88,192.0,0,-9,-10.0,0.23,0.0
G4,EWR,TYS,125.72,145.0,0,-12,-41.0,0.069,0.0
G4,LAS,TYS,258.68,220.0,0,-8,-15.0,0.2737,0.0
G4,PBI,TYS,130.4,122.0,0,-7,-20.0,0.3333,0.0
G4,FLL,TYS,135.08,125.0,0,2,-9.0,0.4231,0.0
G4,LAS,TYS,258.68,220.0,0,6,10.0,0.2737,0.0
G4,EWR,TYS,125.72,145.0,0,-14,-45.0,0.069,0.0
G4,FLL,TYS,135.08,125.0,0,-8,-4.0,0.4231,0.0
G4,PHX,TYS,241.88,204.0,0,13,4.0,0.23,0.0
G4,FLL,TYS,135.08,125.0,0,-6,1.0,0.4231,0.0
G4,PBI,TYS,130.4,122.0,0,-9,-18.0,0.3333,0.0
G4,FLL,TYS,135.08,125.0,0,47,50.0,0.4231,0.0
G4,PHX,TYS,241.88,204.0,0,3,-14.0,0.23,0.0
G4,FLL,TYS,135.08,125.0,0,134,126.0,0.4231,0.0
G4,FLL,TYS,135.08,125.0,0,-4,-13.0,0.4231,0.0
G4,AUS,TYS,155.84,126.0,0,-9,-24.0,0.2222,0.0
G4,BOS,TYS,149.6,154.0,0,57,34.0,0.1064,0.0
G4,EWR,TYS,125.72,135.0,0,-14,-32.0,0.069,0.0
G4,BOS,TYS,149.6,154.0,0,-11,-3.0,0.1064,0.0
G4,PBI,TYS,130.4,122.0,0,-7,-16.0,0.3333,0.0
G4,FLL,TYS,135.08,125.0,0,0,-7.0,0.4231,0.0
G4,AUS,TYS,155.84,126.0,0,-10,-10.0,0.2222,0.0
G4,BOS,TYS,149.6,154.0,0,-10,-19.0,0.1064,0.0
G4,EWR,TYS,125.72,135.0,0,-4,-7.0,0.069,0.0
G4,PBI,TYS,130.4,122.0,0,78,74.0,0.3333,0.0
G4,FLL,TYS,135.08,125.0,0,33,32.0,0.4231,0.0
G4,BOS,TYS,149.6,154.0,0,-9,-5.0,0.1064,0.0
G4,EWR,TYS,125.72,135.0,0,-13,0.0,0.069,0.0
G4,PBI,TYS,130.4,122.0,0,-1,-5.0,0.3333,0.0
G4,LAS,TYS,258.68,220.0,0,91,103.0,0.2737,0.0
G4,EWR,TYS,125.72,135.0,0,-9,-26.0,0.069,0.0
G4,PBI,TYS,130.4,122.0,0,-3,-14.0,0.3333,0.0
G4,FLL,TYS,135.08,125.0,0,0,0.0,0.4231,0.0
G4,BOS,TYS,149.6,154.0,0,5,-3.0,0.1064,0.0
G4,EWR,TYS,125.72,135.0,0,0,-10.0,0.069,0.0
G4,PBI,TYS,130.4,122.0,0,-13,-11.0,0.3333,0.0
G4,BOS,TYS,149.6,147.0,0,117,132.0,0.1064,0.0
G4,FLL,TYS,135.08,127.0,0,0,-11.0,0.4231,0.0
G4,BOS,TYS,149.6,147.0,0,31,26.0,0.1064,0.0
G4,BOS,TYS,149.6,147.0,0,-5,-14.0,0.1064,0.0
G4,AUS,TYS,155.84,132.0,0,157,156.0,0.2222,0.0
G4,FLL,TYS,135.08,127.0,0,120,123.0,0.4231,0.0
G4,BOS,TYS,149.6,147.0,0,-6,-14.0,0.1064,0.0
G4,EWR,TYS,125.72,135.0,0,14,14.0,0.069,0.0
G4,PBI,TYS,130.4,120.0,0,20,2.0,0.3333,0.0
G4,BOS,TYS,149.6,147.0,0,261,247.0,0.1064,0.0
G4,FLL,TYS,135.08,127.0,0,16,14.0,0.4231,0.0
G4,AUS,TYS,155.84,132.0,0,28,21.0,0.2222,0.0
G4,FLL,TYS,135.08,127.0,0,4,-6.0,0.4231,0.0
G4,BOS,TYS,149.6,147.0,0,8,7.0,0.1064,0.0
G4,FLL,TYS,135.08,127.0,0,30,25.0,0.4231,0.0
G4,AUS,TYS,155.84,132.0,0,27,14.0,0.2222,0.0
G4,BOS,TYS,149.6,147.0,0,-2,6.0,0.1064,0.0
G4,FLL,TYS,135.08,127.0,0,121,105.0,0.4231,0.0
G4,BOS,TYS,149.6,147.0,0,1,7.0,0.1064,0.0
G4,AUS,TYS,155.84,132.0,0,153,136.0,0.2222,0.0
G4,BOS,TYS,149.6,147.0,0,-16,-23.0,0.1064,0.0
G4,FLL,TYS,135.08,122.0,0,-13,-19.0,0.4231,0.0
G4,BOS,TYS,149.6,147.0,0,-8,-21.0,0.1064,0.0
G4,FLL,TYS,135.08,122.0,0,-2,-9.0,0.4231,0.0
G4,AUS,TYS,155.84,130.0,0,-1,-1.0,0.2222,0.0
G4,EWR,TYS,125.72,135.0,0,119,90.0,0.069,0.0
G4,BNA,PGD,133.04,119.0,0,-1,8.0,0.299,0.0
G4,OMA,PIE,192.56,164.0,0,-5,-7.0,0.2468,0.0
G4,PBI,AVL,124.4,108.0,0,9,6.0,0.4057,0.0
G4,HOU,AVL,151.16,126.0,0,-15,-15.0,0.2468,0.0
G4,DEN,AVL,199.76,171.0,0,-7,1.0,0.3419,0.0
G4,DEN,AVL,199.76,171.0,0,97,119.0,0.3419,0.0
G4,EWR,AVL,119.96,107.0,0,-4,-10.0,0.0643,0.0
G4,FLL,AVL,129.32,119.0,0,27,22.0,0.3754,0.0
G4,FLL,AVL,129.32,119.0,0,20,44.0,0.3754,0.0
G4,HOU,AVL,151.16,126.0,0,-11,-17.0,0.2468,0.0
G4,PHX,AVL,251.96,227.0,0,0,-7.0,0.2778,0.0
G4,BOS,AVL,143.96,138.0,0,-19,-32.0,0.1092,0.0
G4,PBI,AVL,124.4,105.0,0,31,17.0,0.4057,0.0
G4,MSP,AVL,153.32,130.0,0,18,16.0,0.5641,0.0
G4,BOS,AVL,143.96,138.0,0,-5,-2.0,0.1092,0.0
G4,EWR,AVL,119.96,110.0,0,-2,-13.0,0.0643,0.0
G4,LAS,AVL,268.88,246.0,0,44,39.0,0.2917,0.0
G4,BOS,AVL,143.96,138.0,0,-7,-18.0,0.1092,0.0
G4,CVG,PIE,143.12,125.0,0,-5,-8.0,0.2246,0.0
G4,CVG,MYR,108.68,86.0,0,-4,-6.0,0.1615,0.0
G4,CVG,MYR,108.68,86.0,0,-1,-8.0,0.1615,0.0
G4,CVG,ORF,108.2,85.0,0,131,134.0,0.5909,0.0
G4,CVG,JAX,123.56,103.0,0,25,19.0,0.2477,0.0
G4,JAX,CVG,123.56,111.0,0,29,21.0,0.4537,0.0
G4,CVG,VPS,122.0,108.0,0,18,14.0,0.2551,0.0
G4,CVG,VPS,122.0,108.0,0,15,61.0,0.2551,0.0
G4,DEN,TYS,189.44,164.0,0,352,352.0,0.3962,0.0
G4,EWR,TYS,125.72,120.0,0,-13,-30.0,0.069,0.0
G4,LAS,MFE,195.2,178.0,0,-5,-14.0,0.1656,0.0
G4,LAS,SCK,93.08,79.0,0,1,5.0,0.3139,0.0
G4,LAS,FAT,81.08,71.0,0,-8,-5.0,0.2664,0.0
G4,LAS,MFR,122.0,112.0,0,-4,4.0,0.2105,0.0
G4,SAN,MFR,138.08,126.0,0,12,1.0,0.7368,0.0
G4,LAS,PVU,90.92,77.0,0,6,6.0,0.5517,0.0
G4,PHX,PVU,106.16,83.0,0,2,4.0,0.3786,0.0
G4,OAK,EUG,103.4,86.0,0,32,26.0,0.3,0.0
G4,SAN,FSD,210.32,186.0,0,22,44.0,0.25,0.0
G4,SAN,IDA,145.28,131.0,0,59,59.0,0.7273,0.0
G4,OAK,EUG,103.4,81.0,0,-12,-16.0,0.3,0.0
G4,SAN,AZA,88.88,76.0,0,-4,7.0,0.25,0.0
G4,BOI,SNA,132.56,131.0,0,14,12.0,0.3364,0.0
G4,SNA,BOI,132.56,118.0,0,13,14.0,0.3636,0.0
G4,BOI,AZA,139.88,122.0,0,15,11.0,0.3368,0.0
G4,OAK,EUG,103.4,81.0,0,0,-1.0,0.3,0.0
G4,SNA,IDA,139.64,123.0,0,65,58.0,0.3158,0.0
G4,HOU,AZA,169.76,147.0,0,-4,0.0,0.2316,0.0
G4,SAN,AZA,88.88,76.0,0,26,32.0,0.25,0.0
G4,SAN,IDA,145.28,131.0,0,29,35.0,0.7273,0.0
G4,SAN,AZA,88.88,76.0,0,36,44.0,0.25,0.0
G4,SAN,AZA,88.88,74.0,0,33,34.0,0.25,0.0
G4,SAN,IDA,145.28,132.0,0,39,32.0,0.7273,0.0
G4,SNA,IDA,139.64,127.0,0,0,-10.0,0.3158,0.0
G4,BOI,AZA,139.88,127.0,0,-11,-7.0,0.3368,0.0
G4,CVG,AZA,236.36,227.0,0,18,4.0,0.2812,0.0
G4,CVG,AZA,236.36,227.0,0,0,0.0,0.2812,0.0
G4,BOI,SNA,132.56,131.0,0,-7,-12.0,0.3364,0.0
G4,SNA,BOI,132.56,121.0,0,-10,-19.0,0.3636,0.0
G4,BOI,AZA,139.88,123.0,0,0,-6.0,0.3368,0.0
G4,BOI,SNA,132.56,133.0,0,-16,-15.0,0.3364,0.0
G4,SNA,BOI,132.56,128.0,0,-10,-19.0,0.3636,0.0
G4,BOI,AZA,139.88,123.0,0,-11,-7.0,0.3368,0.0
G4,SNA,IDA,139.64,130.0,0,9,8.0,0.3158,0.0
G4,LAS,ATW,231.2,215.0,0,21,31.0,0.4926,0.0
G4,BNA,ATW,118.4,102.0,0,32,37.0,0.447,0.0
G4,CVG,AZA,236.36,229.0,0,5,5.0,0.2812,0.0
G4,HOU,AZA,169.76,156.0,0,-2,-1.0,0.2316,0.0
G4,BOI,SNA,132.56,129.0,0,-5,-6.0,0.3364,0.0
G4,SNA,BOI,132.56,125.0,0,18,13.0,0.3636,0.0
G4,BOI,AZA,139.88,120.0,0,24,19.0,0.3368,0.0
G4,MSP,AZA,202.04,191.0,0,-9,14.0,0.193,0.0
G4,HOU,AZA,169.76,165.0,0,19,5.0,0.2316,0.0
G4,BOI,SNA,132.56,129.0,0,-10,-5.0,0.3364,0.0
G4,SNA,BOI,132.56,125.0,0,-6,-15.0,0.3636,0.0
G4,BOI,AZA,139.88,120.0,0,-4,0.0,0.3368,0.0
G4,BOI,SNA,132.56,129.0,0,-8,-12.0,0.3364,0.0
G4,SNA,BOI,132.56,125.0,0,-10,-6.0,0.3636,0.0
G4,BOI,AZA,139.88,120.0,0,-8,-16.0,0.3368,0.0
G4,FLL,ATW,210.56,207.0,0,31,20.0,0.5435,0.0
G4,BNA,ATW,118.4,103.0,0,-6,-9.0,0.447,0.0
